Season,RoundNum,RoundName,Day,Date,Winner,Unnamed: 6,Loser,Unnamed: 8,PtsWinner,PtsLoser,Team,OffTotPointsRank,DefTotPointsRank,OffTotYardsRank,DefTotYardsRank,OffTotPlaysRunRank,DefTotPlaysRunRank,OffTotYardsPerPlayRank,DefTotYardsPerPlayRank,OffTotTurnoversRank,DefTotTakeawaysRank,OffTotFumblesRank,DefTotFumblesRank,OffTot1stDownsRank,DefTot1stDownsRank,OffPassCompletionsRank,DefPassCompletionsRank,OffPassAttemptsRank,DefPassAttemptsRank,OffPassYardsRank,DefPassYardsRank,OffPassTouchdownsRank,DefPassTouchdownsRank,OffPassInterceptionsRank,DefPassInterceptionsRank,OffPassNetYardsPerAttemptRank,DefPassNetYardsPerAttemptRank,OffPass1stDownsRank,DefPass1stDownsRank,OffRushAttemptsRank,DefRushAttemptsRank,OffRushYardsRank,DefRushYardsRank,OffRushTouchdownsRank,DefRushTouchdownsRank,OffRushYardsPerAttemptRank,DefRushYardsPerAttemptRank,OffRush1stDownsRank,DefRush1stDownsRank,OffNumOfPenaltiesRank,DefNumOfPenaltiesRank,OffPenaltyYardsRank,DefPenaltyYardsRank,Off1stDownsByPenaltyRank,Def1stDownsByPenaltyRank,OffPctOfDrivesEndingInScoreRank,DefPctOfDrivesEndingInScoreRank,OffPctOfDrivesEndingInTurnoverRank,DefPctOfDrivesEndingInTurnoverRank,OffExpectedPointsContributedRank,DefExpectedPointsContributedRank
2022,1,WildCard,Sat,1/14/2023,Jacksonville Jaguars,,Los Angeles Chargers,boxscore,31,30,Jacksonville Jaguars,10,12,9,24,16,29,8,17,15,5,30,2,8,24,9,23,9,27,10,28,14,20,4,14,11,23,9,29,16,20,14,12,12,15,9,8,16,15,13,11,6,3,9,9,11,17,24,4,8,18
2022,1,WildCard,Sat,1/14/2023,San Francisco 49ers,,Seattle Seahawks,boxscore,41,23,San Francisco 49ers,6,1,5,2,21,7,5,4,3,2,10,13,11,2,25,24,26,24,13,21,5,6,4,1,3,11,18,15,9,2,7,2,5,8,9,1,7,1,18,18,12,24,18,12,8,1,3,2,4,1
2022,1,WildCard,Sun,1/15/2023,Buffalo Bills,,Miami Dolphins,boxscore,34,31,Buffalo Bills,4,2,4,1,23,3,2,8,30,5,30,13,5,5,14,16,14,19,8,9,2,9,19,5,6,5,8,10,20,1,9,4,16,6,2,12,10,10,16,9,10,12,18,20,2,3,31,5,5,8
2022,1,WildCard,Sun,1/15/2023,Cincinnati Bengals,,Baltimore Ravens,boxscore,24,17,Cincinnati Bengals,8,5,15,7,17,2,12,17,4,12,4,6,6,3,6,7,7,15,7,16,2,3,12,18,8,18,6,6,29,5,29,5,19,11,29,8,24,8,4,25,2,24,2,2,6,18,7,9,6,9
2022,1,WildCard,Sun,1/15/2023,New York Giants,@,Minnesota Vikings,boxscore,31,24,New York Giants,15,17,18,25,13,18,22,24,2,25,21,2,8,30,22,13,25,18,26,15,25,9,1,31,27,13,24,22,8,19,4,27,4,20,6,30,4,28,26,30,19,23,5,30,15,25,1,26,11,29
2022,1,WildCard,Mon,1/16/2023,Dallas Cowboys,@,Tampa Bay Buccaneers,boxscore,31,14,Dallas Cowboys,3,6,10,13,8,27,15,8,21,1,2,1,11,15,18,11,19,11,14,8,9,15,30,8,9,8,12,7,6,27,8,22,2,3,20,16,8,18,24,22,23,27,24,27,6,8,13,1,7,4
2022,2,Division,Sat,1/21/2023,Kansas City Chiefs,,Jacksonville Jaguars,boxscore,27,20,Kansas City Chiefs,1,16,1,12,11,24,1,8,21,22,25,19,1,19,4,28,5,30,1,19,1,32,12,22,1,5,1,27,24,6,20,8,8,6,9,16,19,8,7,22,20,11,7,17,1,14,8,21,1,14
2022,2,Division,Sat,1/21/2023,Philadelphia Eagles,,New York Giants,boxscore,38,7,Philadelphia Eagles,2,8,2,3,5,12,5,1,6,5,21,13,2,14,20,14,23,13,9,1,14,12,4,5,3,1,11,13,3,12,5,16,1,18,13,24,2,16,13,16,8,17,12,7,4,6,9,3,2,3
2022,2,Division,Sun,1/22/2023,Cincinnati Bengals,@,Buffalo Bills,boxscore,27,10,Cincinnati Bengals,8,5,15,7,17,2,12,17,4,12,4,6,6,3,6,7,7,15,7,16,2,3,12,18,8,18,6,6,29,5,29,5,19,11,29,8,24,8,4,25,2,24,2,2,6,18,7,9,6,9
2022,2,Division,Sun,1/22/2023,San Francisco 49ers,,Dallas Cowboys,boxscore,19,12,San Francisco 49ers,6,1,5,2,21,7,5,4,3,2,10,13,11,2,25,24,26,24,13,21,5,6,4,1,3,11,18,15,9,2,7,2,5,8,9,1,7,1,18,18,12,24,18,12,8,1,3,2,4,1
2022,3,ConfChamp,Sun,1/30/2022,Kansas City Chiefs,,Cincinnati Bengals,boxscore,23,20,Kansas City Chiefs,1,16,1,12,11,24,1,8,21,22,25,19,1,19,4,28,5,30,1,19,1,32,12,22,1,5,1,27,24,6,20,8,8,6,9,16,19,8,7,22,20,11,7,17,1,14,8,21,1,14
2022,3,ConfChamp,Sun,1/30/2022,Philadelphia Eagles,,San Francisco 49ers,boxscore,31,7,Philadelphia Eagles,2,8,2,3,5,12,5,1,6,5,21,13,2,14,20,14,23,13,9,1,14,12,4,5,3,1,11,13,3,12,5,16,1,18,13,24,2,16,13,16,8,17,12,7,4,6,9,3,2,3
2022,4,SuperBowl,Sun,2/12/2022,Kansas City Chiefs,,Philadelphia Eagles,boxscore,38,35,Kansas City Chiefs,1,16,1,12,11,24,1,8,21,22,25,19,1,19,4,28,5,30,1,19,1,32,12,22,1,5,1,27,24,6,20,8,8,6,9,16,19,8,7,22,20,11,7,17,1,14,8,21,1,14
2021,1,WildCard,Sat,1/15/2022,Cincinnati Bengals,,Las Vegas Raiders,boxscore,26,19,Cincinnati Bengals,7,17,13,18,25,17,6,20,12,17,11,15,18,15,15,30,20,28,7,26,7,14,17,17,3,21,11,21,19,5,23,5,15,15,24,15,24,11,2,27,1,25,11,1,12,7,12,17,12,12
2021,1,WildCard,Sun,1/16/2022,Kansas City Chiefs,,Pittsburgh Steelers,boxscore,42,21,Kansas City Chiefs,4,8,3,27,5,13,6,29,23,5,31,2,1,24,2,25,2,23,4,27,6,17,12,12,9,26,2,19,20,6,16,21,15,15,8,31,12,22,24,27,22,22,11,17,1,18,26,4,1,26
2021,1,WildCard,Sun,1/16/2022,San Francisco 49ers,@,Dallas Cowboys,boxscore,23,17,San Francisco 49ers,13,9,7,3,25,5,1,4,21,19,24,6,11,6,26,14,29,7,12,6,14,12,17,27,1,8,15,5,5,14,7,7,5,21,17,6,8,5,13,11,30,7,17,32,13,9,15,24,8,14
2021,1,WildCard,Sun,1/16/2022,Tampa Bay Buccaneers,,Philadelphia Eagles,boxscore,31,15,Tampa Bay Buccaneers,2,5,2,13,4,22,1,8,8,5,11,4,2,17,1,32,1,32,1,21,1,14,10,8,6,3,1,24,31,1,26,3,10,5,17,15,19,4,10,1,20,1,30,24,8,6,10,6,3,4
2021,1,WildCard,Mon,1/17/2022,Los Angeles Rams,,Arizona Cardinals,boxscore,34,11,Los Angeles Rams,7,15,9,17,18,28,3,8,18,11,2,28,12,19,9,29,10,27,5,22,2,2,27,4,2,14,7,24,23,17,25,6,29,24,24,6,23,16,3,4,2,2,31,5,3,13,17,9,6,8
2021,2,Division,Sat,1/22/2022,Cincinnati Bengals,@,Tennessee Titans,boxscore,19,16,Cincinnati Bengals,7,17,13,18,25,17,6,20,12,17,11,15,18,15,15,30,20,28,7,26,7,14,17,17,3,21,11,21,19,5,23,5,15,15,24,15,24,11,2,27,1,25,11,1,12,7,12,17,12,12
2021,2,Division,Sat,1/22/2022,San Francisco 49ers,@,Green Bay Packers,boxscore,13,10,San Francisco 49ers,13,9,7,3,25,5,1,4,21,19,24,6,11,6,26,14,29,7,12,6,14,12,17,27,1,8,15,5,5,14,7,7,5,21,17,6,8,5,13,11,30,7,17,32,13,9,15,24,8,14
2021,2,Division,Sun,1/23/2022,Kansas City Chiefs,,Buffalo Bills,boxscore,42,36,Kansas City Chiefs,4,8,3,27,5,13,6,29,23,5,31,2,1,24,2,25,2,23,4,27,6,17,12,12,9,26,2,19,20,6,16,21,15,15,8,31,12,22,24,27,22,22,11,17,1,18,26,4,1,26
2021,2,Division,Sun,1/23/2022,Los Angeles Rams,@,Tampa Bay Buccaneers,boxscore,30,27,Los Angeles Rams,7,15,9,17,18,28,3,8,18,11,2,28,12,19,9,29,10,27,5,22,2,2,27,4,2,14,7,24,23,17,25,6,29,24,24,6,23,16,3,4,2,2,31,5,3,13,17,9,6,8
2021,3,ConfChamp,Sun,1/30/2022,Cincinnati Bengals,@,Kansas City Chiefs,boxscore,27,24,Cincinnati Bengals,7,17,13,18,25,17,6,20,12,17,11,15,18,15,15,30,20,28,7,26,7,14,17,17,3,21,11,21,19,5,23,5,15,15,24,15,24,11,2,27,1,25,11,1,12,7,12,17,12,12
2021,3,ConfChamp,Sun,1/30/2022,Los Angeles Rams,,San Francisco 49ers,boxscore,20,17,Los Angeles Rams,7,15,9,17,18,28,3,8,18,11,2,28,12,19,9,29,10,27,5,22,2,2,27,4,2,14,7,24,23,17,25,6,29,24,24,6,23,16,3,4,2,2,31,5,3,13,17,9,6,8
2021,4,SuperBowl,Sun,2/13/2022,Los Angeles Rams,N,Cincinnati Bengals,boxscore,23,20,Los Angeles Rams,7,15,9,17,18,28,3,8,18,11,2,28,12,19,9,29,10,27,5,22,2,2,27,4,2,14,7,24,23,17,25,6,29,24,24,6,23,16,3,4,2,2,31,5,3,13,17,9,6,8
2020,1,WildCard,Sat,1/9/2021,Buffalo Bills,,Indianapolis Colts,boxscore,27,24,Buffalo Bills,2,16,2,14,15,17,6,14,21,3,26,5,1,17,5,17,11,22,3,13,4,10,12,9,3,9,3,13,18,12,20,17,16,27,21,24,11,25,27,14,28,13,4,13,2,15,18,2,5,19
2020,1,WildCard,Sat,1/9/2021,Los Angeles Rams,@,Seattle Seahawks,boxscore,30,20,Los Angeles Rams,22,1,11,1,3,3,18,1,25,13,26,17,16,1,9,11,12,15,13,1,26,1,24,12,17,1,17,3,7,4,10,3,11,5,16,3,9,3,2,4,6,2,29,1,25,1,21,17,22,1
2020,1,WildCard,Sat,1/9/2021,Tampa Bay Buccaneers,@,Washington Football Team,boxscore,31,23,Tampa Bay Buccaneers,3,8,7,6,23,16,7,6,7,5,4,9,10,5,5,31,6,29,2,21,2,21,16,9,8,7,4,24,29,1,28,1,16,1,25,1,30,1,12,22,14,31,2,10,6,6,6,4,3,6
2020,1,WildCard,Sun,1/10/2021,Cleveland Browns,@,Pittsburgh Steelers,boxscore,48,37,Cleveland Browns,14,21,16,17,20,19,12,14,5,19,16,9,15,18,29,21,28,25,24,22,15,25,5,20,11,17,24,23,4,10,3,9,5,15,6,12,7,22,25,10,25,7,24,3,14,20,9,10,8,25
2020,1,WildCard,Sun,1/10/2021,New Orleans Saints,,Chicago Bears,boxscore,21,9,New Orleans Saints,5,5,12,4,10,4,12,4,7,3,20,17,8,6,21,4,25,17,19,5,11,17,5,2,10,5,23,7,5,5,6,4,1,2,10,4,2,2,23,1,31,1,30,32,7,7,7,8,6,8
2020,1,WildCard,Sun,1/10/2021,Baltimore Ravens,@,Tennessee Titans,boxscore,20,13,Baltimore Ravens,7,2,19,7,25,11,9,7,11,13,12,3,24,16,32,24,32,27,32,6,15,6,12,25,20,4,32,22,1,3,1,8,3,5,1,24,1,6,28,3,30,4,32,27,8,3,13,11,10,5
2020,2,Division,Sat,1/16/2021,Green Bay Packers,,Los Angeles Rams,boxscore,32,18,Green Bay Packers,1,13,5,9,28,1,2,14,1,25,9,22,13,10,17,10,24,7,9,7,1,10,1,20,2,9,11,6,12,8,8,13,16,15,6,18,13,24,12,6,10,15,22,15,1,16,1,19,1,17
2020,2,Division,Sat,1/16/2021,Buffalo Bills,,Baltimore Ravens,boxscore,17,3,Buffalo Bills,2,16,2,14,15,17,6,14,21,3,26,5,1,17,5,17,11,22,3,13,4,10,12,9,3,9,3,13,18,12,20,17,16,27,21,24,11,25,27,14,28,13,4,13,2,15,18,2,5,19
2020,2,Division,Sun,1/17/2021,Kansas City Chiefs,,Cleveland Browns,boxscore,22,17,Kansas City Chiefs,6,10,1,16,7,14,2,19,5,13,20,26,1,19,2,12,3,17,1,14,4,21,3,5,3,17,1,15,23,19,16,21,24,11,11,18,17,17,29,24,27,17,16,27,4,9,8,9,2,21
2020,2,Division,Sun,1/17/2021,Tampa Bay Buccaneers,@,New Orleans Saints,boxscore,30,20,Tampa Bay Buccaneers,3,8,7,6,23,16,7,6,7,5,4,9,10,5,5,31,6,29,2,21,2,21,16,9,8,7,4,24,29,1,28,1,16,1,25,1,30,1,12,22,14,31,2,10,6,6,6,4,3,6
2020,3,ConfChamp,Sun,1/24/2021,Kansas City Chiefs,,Buffalo Bills,boxscore,38,24,Kansas City Chiefs,6,10,1,16,7,14,2,19,5,13,20,26,1,19,2,12,3,17,1,14,4,21,3,5,3,17,1,15,23,19,16,21,24,11,11,18,17,17,29,24,27,17,16,27,4,9,8,9,2,21
2020,3,ConfChamp,Sun,1/24/2021,Tampa Bay Buccaneers,@,Green Bay Packers,boxscore,31,26,Tampa Bay Buccaneers,3,8,7,6,23,16,7,6,7,5,4,9,10,5,5,31,6,29,2,21,2,21,16,9,8,7,4,24,29,1,28,1,16,1,25,1,30,1,12,22,14,31,2,10,6,6,6,4,3,6
2020,4,SuperBowl,Sun,2/7/2021,Tampa Bay Buccaneers,N,Kansas City Chiefs,boxscore,31,9,Tampa Bay Buccaneers,3,8,7,6,23,16,7,6,7,5,4,9,10,5,5,31,6,29,2,21,2,21,16,9,8,7,4,24,29,1,28,1,16,1,25,1,30,1,12,22,14,31,2,10,6,6,6,4,3,6
2019,1,WildCard,Sat,1/4/2020,Houston Texans,,Buffalo Bills,boxscore,22,19,Houston Texans,14,19,13,28,17,18,12,31,18,15,12,11,9,26,18,25,20,25,15,29,12,28,20,19,13,25,11,28,12,10,9,25,11,11,9,27,6,17,20,16,14,12,19,7,10,21,22,10,6,29
2019,1,WildCard,Sat,1/4/2020,Tennessee Titans,@,New England Patriots,boxscore,20,13,Tennessee Titans,10,12,12,21,30,26,3,14,7,12,16,17,17,20,31,28,31,26,21,24,8,18,7,9,6,19,23,25,10,16,3,12,2,18,2,7,12,14,8,31,20,26,10,5,24,6,6,16,7,15
2019,1,WildCard,Sun,1/5/2020,Minnesota Vikings,@,New Orleans Saints,boxscore,26,20,Minnesota Vikings,8,5,16,14,27,24,10,10,14,4,26,5,21,14,24,29,30,28,23,15,14,14,7,3,6,7,25,27,4,11,6,13,6,3,11,18,10,7,7,1,16,1,9,15,6,13,14,2,9,9
2019,1,WildCard,Sun,1/5/2020,Seattle Seahawks,@,Philadelphia Eagles,boxscore,17,9,Seattle Seahawks,9,22,8,26,10,14,12,28,14,3,29,2,11,26,21,27,23,26,14,27,4,6,3,5,12,23,17,30,3,7,4,22,16,30,9,28,3,16,17,6,13,5,22,4,13,19,15,4,11,19
2019,2,Division,Sat,1/11/2020,San Francisco 49ers,,Minnesota Vikings,boxscore,27,10,San Francisco 49ers,2,8,4,2,19,6,5,2,20,6,20,4,14,3,22,5,29,6,13,1,10,14,18,19,3,1,14,1,2,9,2,17,1,7,9,22,7,23,13,25,22,19,19,11,5,3,20,6,5,3
2019,2,Division,Sat,1/11/2020,Tennessee Titans,@,Baltimore Ravens,boxscore,28,12,Tennessee Titans,10,12,12,21,30,26,3,14,7,12,16,17,17,20,31,28,31,26,21,24,8,18,7,9,6,19,23,25,10,16,3,12,2,18,2,7,12,14,8,31,20,26,10,5,24,6,6,16,7,15
2019,2,Division,Sun,1/12/2020,Kansas City Chiefs,,Houston Texans,boxscore,51,31,Kansas City Chiefs,5,7,6,17,25,23,2,14,4,12,20,25,6,23,9,18,15,23,5,8,6,9,2,5,2,5,9,13,27,17,23,26,13,18,20,28,15,28,15,25,26,10,1,27,2,11,4,9,1,17
2019,2,Division,Sun,1/12/2020,Green Bay Packers,,Seattle Seahawks,boxscore,28,23,Green Bay Packers,15,9,18,18,14,10,18,20,2,7,16,22,16,11,16,7,16,15,17,14,14,6,1,3,17,16,17,15,13,14,15,23,8,23,14,25,18,18,9,7,5,23,6,1,12,12,2,7,8,18
2019,3,ConfChamp,Sun,1/19/2020,Kansas City Chiefs,,Tennessee Titans,boxscore,35,24,Kansas City Chiefs,5,7,6,17,25,23,2,14,4,12,20,25,6,23,9,18,15,23,5,8,6,9,2,5,2,5,9,13,27,17,23,26,13,18,20,28,15,28,15,25,26,10,1,27,2,11,4,9,1,17
2019,3,ConfChamp,Sun,1/19/2020,San Francisco 49ers,,Green Bay Packers,boxscore,37,20,San Francisco 49ers,2,8,4,2,19,6,5,2,20,6,20,4,14,3,22,5,29,6,13,1,10,14,18,19,3,1,14,1,2,9,2,17,1,7,9,22,7,23,13,25,22,19,19,11,5,3,20,6,5,3
2019,4,SuperBowl,Sun,2/2/2020,Kansas City Chiefs,N,San Francisco 49ers,boxscore,31,20,Kansas City Chiefs,5,7,6,17,25,23,2,14,4,12,20,25,6,23,9,18,15,23,5,8,6,9,2,5,2,5,9,13,27,17,23,26,13,18,20,28,15,28,15,25,26,10,1,27,2,11,4,9,1,17
2018,1,WildCard,Sat,1/5/2019,Indianapolis Colts,@,Houston Texans,boxscore,21,7,Indianapolis Colts,5,10,7,11,3,15,12,13,23,11,17,9,6,12,2,24,2,15,6,16,2,5,23,11,10,21,5,23,17,16,20,8,17,12,23,6,16,8,29,31,19,30,6,8,6,16,23,8,8,9
2018,1,WildCard,Sat,1/5/2019,Dallas Cowboys,,Seattle Seahawks,boxscore,24,22,Dallas Cowboys,22,6,22,7,11,10,21,10,5,17,17,9,19,9,17,20,21,15,23,13,22,9,5,26,21,17,20,13,10,12,10,5,17,12,13,4,7,10,12,2,11,1,26,12,14,18,10,15,16,14
2018,1,WildCard,Sun,1/6/2019,Philadelphia Eagles,@,Chicago Bears,boxscore,16,15,Philadelphia Eagles,18,12,14,23,8,18,16,23,20,24,29,21,11,8,5,32,7,30,7,30,12,9,10,25,10,13,7,27,20,1,28,7,21,19,30,22,18,2,9,23,8,24,14,4,13,23,21,25,14,21
2018,1,WildCard,Sun,1/6/2019,Los Angeles Chargers,@,Baltimore Ravens,boxscore,23,17,Los Angeles Chargers,7,8,11,9,28,10,3,10,13,17,11,21,13,10,19,13,24,18,10,9,8,12,14,16,4,10,9,5,19,11,15,9,8,7,8,13,13,16,21,13,23,9,26,18,5,9,9,16,5,10
2018,2,Division,Sat,1/12/2019,Kansas City Chiefs,,Indianapolis Colts,boxscore,31,13,Kansas City Chiefs,1,24,1,31,23,31,1,24,8,8,5,5,3,32,8,31,9,32,3,31,1,23,14,11,1,13,3,32,23,17,16,27,8,29,5,31,9,30,32,15,32,14,8,32,1,28,12,5,1,30
2018,2,Division,Sat,1/12/2019,Los Angeles Rams,,Dallas Cowboys,boxscore,30,22,Los Angeles Rams,2,20,2,19,4,4,2,27,13,3,11,5,1,17,15,12,14,10,5,14,8,25,14,3,4,21,6,8,8,10,3,23,2,12,3,32,2,16,7,9,10,12,14,23,3,22,8,2,2,17
2018,2,Division,Sun,1/13/2019,New Orleans Saints,,Philadelphia Eagles,boxscore,20,14,New Orleans Saints,3,14,8,14,17,9,7,19,3,13,17,5,5,22,11,24,23,22,12,29,7,23,3,20,4,27,11,30,5,4,7,2,1,12,18,2,2,3,5,1,15,7,10,26,2,17,5,6,3,18
2018,2,Division,Sun,1/13/2019,New England Patriots,,Los Angeles Chargers,boxscore,41,28,New England Patriots,4,7,5,21,2,18,8,19,8,6,11,12,8,17,12,22,12,28,8,22,12,20,10,3,6,10,14,25,3,6,5,11,4,2,18,28,5,13,4,3,2,11,19,3,7,4,4,4,4,8
2018,3,ConfChamp,Sun,1/20/2019,New England Patriots,@,Kansas City Chiefs,boxscore,37,31,New England Patriots,4,7,5,21,2,18,8,19,8,6,11,12,8,17,12,22,12,28,8,22,12,20,10,3,6,10,14,25,3,6,5,11,4,2,18,28,5,13,4,3,2,11,19,3,7,4,4,4,4,8
2018,3,ConfChamp,Sun,1/20/2019,Los Angeles Rams,@,New Orleans Saints,boxscore,26,23,Los Angeles Rams,2,20,2,19,4,4,2,27,13,3,11,5,1,17,15,12,14,10,5,14,8,25,14,3,4,21,6,8,8,10,3,23,2,12,3,32,2,16,7,9,10,12,14,23,3,22,8,2,2,17
2018,4,SuperBowl,Sun,2/3/2019,New England Patriots,N,Los Angeles Rams,boxscore,13,3,New England Patriots,4,7,5,21,2,18,8,19,8,6,11,12,8,17,12,22,12,28,8,22,12,20,10,3,6,10,14,25,3,6,5,11,4,2,18,28,5,13,4,3,2,11,19,3,7,4,4,4,4,8
2017,1,WildCard,Sat,1/6/2018,Atlanta Falcons,@,Los Angeles Rams,boxscore,26,13,Atlanta Falcons,15,8,8,9,25,9,4,11,9,27,9,18,9,21,16,25,20,16,8,12,21,13,13,29,3,10,8,24,16,7,13,9,16,7,8,17,8,21,13,14,14,12,22,12,6,21,12,26,10,9
2017,1,WildCard,Sat,1/6/2018,Tennessee Titans,@,Kansas City Chiefs,boxscore,22,21,Tennessee Titans,19,17,23,13,29,27,17,7,24,17,15,15,22,21,26,29,28,32,23,25,30,24,26,18,17,13,28,32,14,6,15,4,3,1,16,4,13,4,2,29,5,22,7,6,14,26,24,17,24,18
2017,1,WildCard,Sun,1/7/2018,Jacksonville Jaguars,,Buffalo Bills,boxscore,10,3,Jacksonville Jaguars,5,2,6,2,1,8,12,1,20,2,20,5,7,1,23,1,21,4,17,1,21,3,17,2,11,1,12,1,1,13,1,21,3,7,8,24,8,15,22,25,18,29,4,2,15,1,15,3,7,1
2017,1,WildCard,Sun,1/7/2018,New Orleans Saints,,Carolina Panthers,boxscore,31,26,New Orleans Saints,4,10,2,17,19,13,1,22,9,10,20,30,7,15,2,12,19,17,5,15,16,13,3,3,1,15,7,7,13,9,5,16,1,14,1,27,3,16,16,19,23,7,32,30,4,15,9,7,3,19
2017,2,Division,Sat,1/13/2018,New England Patriots,,Tennessee Titans,boxscore,35,14,New England Patriots,2,5,1,29,4,19,4,29,2,25,3,25,1,24,1,28,7,30,2,30,3,19,3,18,5,21,2,28,11,5,10,20,6,2,12,30,6,22,7,24,8,27,1,2,1,6,2,24,1,30
2017,2,Division,Sat,1/13/2018,Philadelphia Eagles,,Atlanta Falcons,boxscore,15,10,Philadelphia Eagles,3,4,7,4,3,6,9,7,11,4,23,5,4,5,17,26,13,31,13,17,1,19,6,4,13,7,12,10,6,1,3,1,24,4,4,6,5,2,26,8,22,18,6,20,7,2,10,4,2,3
2017,2,Division,Sun,1/14/2018,Minnesota Vikings,,New Orleans Saints,boxscore,29,24,Minnesota Vikings,10,1,11,1,7,4,12,1,3,23,9,30,6,2,12,7,21,19,11,2,13,1,3,13,9,2,11,5,2,3,7,2,8,10,23,5,10,1,11,15,21,20,4,20,8,3,3,22,12,5
2017,2,Division,Sun,1/14/2018,Jacksonville Jaguars,@,Pittsburgh Steelers,boxscore,45,42,Jacksonville Jaguars,5,2,6,2,1,8,12,1,20,2,20,5,7,1,23,1,21,4,17,1,21,3,17,2,11,1,12,1,1,13,1,21,3,7,8,24,8,15,22,25,18,29,4,2,15,1,15,3,7,1
2017,3,ConfChamp,Sun,1/21/2018,New England Patriots,,Jacksonville Jaguars,boxscore,24,20,New England Patriots,2,5,1,29,4,19,4,29,2,25,3,25,1,24,1,28,7,30,2,30,3,19,3,18,5,21,2,28,11,5,10,20,6,2,12,30,6,22,7,24,8,27,1,2,1,6,2,24,1,30
2017,3,ConfChamp,Sun,1/21/2018,Philadelphia Eagles,,Minnesota Vikings,boxscore,38,7,Philadelphia Eagles,3,4,7,4,3,6,9,7,11,4,23,5,4,5,17,26,13,31,13,17,1,19,6,4,13,7,12,10,6,1,3,1,24,4,4,6,5,2,26,8,22,18,6,20,7,2,10,4,2,3
2017,4,SuperBowl,Sun,2/4/2018,Philadelphia Eagles,N,New England Patriots,boxscore,41,33,Philadelphia Eagles,3,4,7,4,3,6,9,7,11,4,23,5,4,5,17,26,13,31,13,17,1,19,6,4,13,7,12,10,6,1,3,1,24,4,4,6,5,2,26,8,22,18,6,20,7,2,10,4,2,3
2016,1,WildCard,Sat,1/7/2017,Houston Texans,,Oakland Raiders,boxscore,27,14,Houston Texans,28,11,29,1,5,1,31,6,19,26,11,26,23,1,21,3,14,3,29,2,30,6,23,21,30,4,27,1,6,12,8,12,30,17,18,13,9,8,1,25,13,20,16,11,23,7,18,26,31,5
2016,1,WildCard,Sat,1/7/2017,Seattle Seahawks,,Detroit Lions,boxscore,26,6,Seattle Seahawks,18,3,12,5,18,17,13,3,12,22,5,21,22,10,15,6,18,5,10,8,18,3,14,21,8,13,16,6,20,25,25,7,17,22,24,1,23,17,26,9,24,16,26,20,13,3,11,21,12,8
2016,1,WildCard,Sun,1/8/2017,Green Bay Packers,,New York Giants,boxscore,38,13,Green Bay Packers,4,21,8,22,13,4,10,27,9,12,17,21,7,20,5,21,5,16,7,31,1,29,8,6,17,30,5,29,29,6,20,8,20,11,8,13,18,4,9,18,5,23,9,3,4,28,10,7,2,23
2016,1,WildCard,Sun,1/8/2017,Pittsburgh Steelers,,Miami Dolphins,boxscore,30,12,Pittsburgh Steelers,10,10,7,12,14,8,7,15,12,14,1,12,12,11,8,26,9,23,5,16,4,6,19,16,8,13,11,8,16,4,14,13,17,19,13,18,14,20,23,18,27,14,18,23,10,12,13,15,13,16
2016,2,Division,Sat,1/14/2017,Atlanta Falcons,,Seattle Seahawks,boxscore,36,20,Atlanta Falcons,1,27,2,25,26,26,1,21,1,16,2,12,2,29,12,31,26,32,3,28,2,28,5,19,1,13,2,32,12,5,5,17,3,19,5,26,7,20,13,23,9,24,13,16,1,23,2,17,1,25
2016,2,Division,Sat,1/14/2017,New England Patriots,,Houston Texans,boxscore,34,16,New England Patriots,3,1,4,8,7,9,5,9,1,14,17,12,5,3,15,17,23,26,4,12,6,9,1,16,3,6,16,13,3,3,7,3,5,1,24,9,6,5,4,23,4,17,3,4,6,1,1,20,3,2
2016,2,Division,Sun,1/15/2017,Green Bay Packers,@,Dallas Cowboys,boxscore,34,31,Green Bay Packers,4,21,8,22,13,4,10,27,9,12,17,21,7,20,5,21,5,16,7,31,1,29,8,6,17,30,5,29,29,6,20,8,20,11,8,13,18,4,9,18,5,23,9,3,4,28,10,7,2,23
2016,2,Division,Sun,1/15/2017,Pittsburgh Steelers,@,Kansas City Chiefs,boxscore,18,16,Pittsburgh Steelers,10,10,7,12,14,8,7,15,12,14,1,12,12,11,8,26,9,23,5,16,4,6,19,16,8,13,11,8,16,4,14,13,17,19,13,18,14,20,23,18,27,14,18,23,10,12,13,15,13,16
2016,3,ConfChamp,Sun,1/22/2017,Atlanta Falcons,,Green Bay Packers,boxscore,44,21,Atlanta Falcons,1,27,2,25,26,26,1,21,1,16,2,12,2,29,12,31,26,32,3,28,2,28,5,19,1,13,2,32,12,5,5,17,3,19,5,26,7,20,13,23,9,24,13,16,1,23,2,17,1,25
2016,3,ConfChamp,Sun,1/22/2017,New England Patriots,,Pittsburgh Steelers,boxscore,36,17,New England Patriots,3,1,4,8,7,9,5,9,1,14,17,12,5,3,15,17,23,26,4,12,6,9,1,16,3,6,16,13,3,3,7,3,5,1,24,9,6,5,4,23,4,17,3,4,6,1,1,20,3,2
2016,4,SuperBowl,Sun,2/5/2017,New England Patriots,N,Atlanta Falcons,boxscore,34,28,New England Patriots,3,1,4,8,7,9,5,9,1,14,17,12,5,3,15,17,23,26,4,12,6,9,1,16,3,6,16,13,3,3,7,3,5,1,24,9,6,5,4,23,4,17,3,4,6,1,1,20,3,2
2015,1,WildCard,Sat,1/9/2016,Kansas City Chiefs,@,Houston Texans,boxscore,30,0,Kansas City Chiefs,9,3,27,7,31,20,14,6,2,5,10,27,25,13,28,13,29,26,30,9,26,16,1,2,16,4,28,16,12,7,6,8,2,4,3,17,4,11,12,14,11,16,17,23,9,3,2,3,10,3
2015,1,WildCard,Sat,1/9/2016,Pittsburgh Steelers,@,Cincinnati Bengals,boxscore,18,16,Pittsburgh Steelers,4,11,3,21,22,23,1,17,23,3,4,6,12,21,9,29,16,27,3,30,16,20,29,7,2,17,13,30,24,6,16,5,7,2,8,6,17,2,3,28,10,31,15,7,5,12,22,7,17,8
2015,1,WildCard,Sun,1/10/2016,Green Bay Packers,@,Washington Redskins,boxscore,35,18,Green Bay Packers,15,12,23,15,9,15,28,17,5,20,16,29,17,8,20,2,18,13,25,6,11,6,3,9,29,10,27,8,12,18,12,21,22,23,13,27,8,16,15,26,15,29,2,1,20,9,6,19,12,13
2015,1,WildCard,Sun,1/10/2016,Seattle Seahawks,@,Minnesota Vikings,boxscore,10,9,Seattle Seahawks,4,1,4,2,16,1,4,2,3,17,10,18,10,2,25,8,28,11,20,2,6,1,3,14,4,5,24,5,3,2,3,1,18,13,7,3,2,2,23,2,23,6,32,10,4,8,4,10,4,5
2015,2,Division,Sat,1/16/2016,Arizona Cardinals,,Green Bay Packers,boxscore,26,20,Arizona Cardinals,2,7,1,5,15,4,1,8,19,2,24,3,2,4,19,9,19,18,2,8,4,12,17,4,1,10,2,6,9,4,8,6,7,8,13,8,15,7,3,31,1,32,2,12,3,10,19,2,1,10
2015,2,Division,Sat,1/16/2016,New England Patriots,,Kansas City Chiefs,boxscore,27,20,New England Patriots,3,10,6,9,13,21,7,8,1,22,4,18,5,9,7,20,5,21,5,17,1,12,1,20,7,8,5,24,25,10,30,9,11,6,29,12,20,6,5,16,9,25,18,2,1,6,1,23,3,11
2015,2,Division,Sun,1/17/2016,Carolina Panthers,,Seattle Seahawks,boxscore,31,24,Carolina Panthers,1,6,11,6,8,24,14,2,9,1,16,2,4,6,29,25,27,32,24,11,4,8,8,1,10,2,16,18,1,3,2,4,2,18,9,8,1,4,10,6,14,7,26,8,2,1,9,1,5,2
2015,2,Division,Sun,1/17/2016,Denver Broncos,,Pittsburgh Steelers,boxscore,23,16,Denver Broncos,19,4,16,1,9,19,19,1,29,8,10,6,19,5,13,11,13,18,14,1,28,4,32,14,19,1,14,1,17,13,17,3,13,13,13,1,21,10,22,9,25,4,22,31,24,2,27,14,27,1
2015,3,ConfChamp,Sun,1/24/2016,Carolina Panthers,,Arizona Cardinals,boxscore,49,15,Carolina Panthers,1,6,11,6,8,24,14,2,9,1,16,2,4,6,29,25,27,32,24,11,4,8,8,1,10,2,16,18,1,3,2,4,2,18,9,8,1,4,10,6,14,7,26,8,2,1,9,1,5,2
2015,3,ConfChamp,Sun,1/24/2016,Denver Broncos,,New England Patriots,boxscore,20,18,Denver Broncos,19,4,16,1,9,19,19,1,29,8,10,6,19,5,13,11,13,18,14,1,28,4,32,14,19,1,14,1,17,13,17,3,13,13,13,1,21,10,22,9,25,4,22,31,24,2,27,14,27,1
2015,4,SuperBowl,Sun,2/7/2016,Denver Broncos,N,Carolina Panthers,boxscore,24,10,Denver Broncos,19,4,16,1,9,19,19,1,29,8,10,6,19,5,13,11,13,18,14,1,28,4,32,14,19,1,14,1,17,13,17,3,13,13,13,1,21,10,22,9,25,4,22,31,24,2,27,14,27,1
2014,1,WildCard,Sat,1/3/2015,Carolina Panthers,,Arizona Cardinals,boxscore,27,16,Carolina Panthers,19,21,16,10,9,9,22,16,15,11,21,7,9,10,19,23,19,20,19,11,15,15,10,15,21,10,14,12,8,9,7,16,22,22,13,28,3,17,4,6,6,5,17,5,14,18,16,8,15,16
2014,1,WildCard,Sat,1/3/2015,Baltimore Ravens,@,Pittsburgh Steelers,boxscore,30,17,Baltimore Ravens,8,6,12,8,14,22,9,7,7,22,10,12,10,14,17,29,17,29,13,23,13,8,10,25,10,13,15,23,11,5,8,4,6,6,7,3,4,5,18,24,15,28,4,14,7,17,8,22,8,12
2014,1,WildCard,Sun,1/4/2015,Indianapolis Colts,,Cincinnati Bengals,boxscore,26,10,Indianapolis Colts,6,19,3,11,2,11,6,16,29,11,31,3,3,10,4,3,1,11,1,12,1,20,21,22,5,17,2,3,17,16,22,18,24,22,23,21,23,22,14,11,14,15,3,14,8,4,27,18,9,10
2014,1,WildCard,Sun,1/4/2015,Dallas Cowboys,,Detroit Lions,boxscore,24,20,Dallas Cowboys,5,15,7,19,18,5,3,25,20,2,29,5,11,17,18,28,31,18,16,26,4,8,7,8,2,27,13,17,3,6,2,8,6,31,4,16,8,11,14,14,12,14,17,21,3,9,21,1,2,24
2014,2,Division,Sat,1/10/2015,New England Patriots,,Baltimore Ravens,boxscore,35,31,New England Patriots,4,8,11,13,5,21,12,11,1,16,2,19,4,22,8,12,7,24,9,17,5,13,4,12,16,13,5,19,13,12,18,9,12,2,23,9,15,13,28,4,30,4,7,32,2,13,3,12,1,20
2014,2,Division,Sat,1/10/2015,Seattle Seahawks,,Carolina Panthers,boxscore,31,17,Seattle Seahawks,10,1,9,1,14,1,6,1,3,20,7,12,14,1,30,1,32,1,27,1,24,2,3,19,13,3,29,3,2,4,1,3,1,6,1,2,1,3,32,1,27,1,26,17,5,2,1,20,7,4
2014,2,Division,Sun,1/11/2015,Green Bay Packers,,Dallas Cowboys,boxscore,26,21,Green Bay Packers,1,13,6,15,24,25,1,11,1,8,7,19,7,27,16,7,20,22,8,10,3,18,1,8,2,8,8,19,14,23,11,23,11,15,11,21,9,30,7,14,7,25,19,8,1,16,2,4,3,15
2014,2,Division,Sun,1/11/2015,Indianapolis Colts,@,Denver Broncos,boxscore,24,13,Indianapolis Colts,6,19,3,11,2,11,6,16,29,11,31,3,3,10,4,3,1,11,1,12,1,20,21,22,5,17,2,3,17,16,22,18,24,22,23,21,23,22,14,11,14,15,3,14,8,4,27,18,9,10
2014,3,ConfChamp,Sun,1/18/2015,New England Patriots,,Indianapolis Colts,boxscore,45,7,New England Patriots,4,8,11,13,5,21,12,11,1,16,2,19,4,22,8,12,7,24,9,17,5,13,4,12,16,13,5,19,13,12,18,9,12,2,23,9,15,13,28,4,30,4,7,32,2,13,3,12,1,20
2014,3,ConfChamp,Sun,1/18/2015,Seattle Seahawks,,Green Bay Packers,boxscore,28,22,Seattle Seahawks,10,1,9,1,14,1,6,1,3,20,7,12,14,1,30,1,32,1,27,1,24,2,3,19,13,3,29,3,2,4,1,3,1,6,1,2,1,3,32,1,27,1,26,17,5,2,1,20,7,4
2014,4,SuperBowl,Sun,2/1/2015,New England Patriots,N,Seattle Seahawks,boxscore,28,24,New England Patriots,4,8,11,13,5,21,12,11,1,16,2,19,4,22,8,12,7,24,9,17,5,13,4,12,16,13,5,19,13,12,18,9,12,2,23,9,15,13,28,4,30,4,7,32,2,13,3,12,1,20
2013,1,WildCard,Sat,1/4/2014,Indianapolis Colts,,Kansas City Chiefs,boxscore,45,44,Indianapolis Colts,14,9,15,20,18,14,17,23,1,15,1,7,16,14,18,7,15,8,17,13,19,8,5,18,15,19,18,14,23,23,20,26,11,20,12,25,20,20,1,30,1,29,4,12,9,12,1,11,7,24
2013,1,WildCard,Sat,1/4/2014,New Orleans Saints,@,Philadelphia Eagles,boxscore,26,24,New Orleans Saints,10,4,4,4,9,1,5,12,5,29,6,26,4,1,2,2,4,2,2,2,2,6,11,24,4,7,2,3,26,6,25,19,23,12,25,28,21,8,12,8,16,9,17,8,6,8,2,24,3,13
2013,1,WildCard,Sun,1/5/2014,San Diego Chargers,@,Cincinnati Bengals,boxscore,27,10,San Diego Chargers,12,11,5,23,12,2,5,30,11,30,20,29,3,18,6,26,22,12,4,29,6,12,8,27,2,31,3,27,6,3,13,12,25,20,22,28,14,15,12,18,9,16,4,3,2,22,13,28,2,30
2013,1,WildCard,Sun,1/5/2014,San Francisco 49ers,@,Green Bay Packers,boxscore,23,20,San Francisco 49ers,11,3,24,5,31,11,12,8,2,7,20,7,25,6,32,17,32,21,30,7,23,5,1,10,10,9,32,9,3,7,3,4,4,12,10,9,5,6,21,14,18,20,26,10,10,2,3,15,12,3
2013,2,Division,Sat,1/11/2014,New England Patriots,,Indianapolis Colts,boxscore,43,22,New England Patriots,3,10,7,26,2,30,12,16,8,11,12,7,2,26,4,11,7,23,10,18,13,16,8,13,15,11,5,27,9,29,9,30,2,12,10,25,8,27,2,27,3,26,1,1,4,7,10,13,6,20
2013,2,Division,Sat,1/11/2014,Seattle Seahawks,,New Orleans Saints,boxscore,23,15,Seattle Seahawks,8,1,17,1,29,6,9,1,5,1,20,12,20,4,30,3,31,7,26,1,10,2,3,1,5,1,28,1,2,10,4,7,14,1,12,9,4,9,32,16,32,21,14,31,5,1,6,1,11,1
2013,2,Division,Sun,1/12/2014,Denver Broncos,,San Diego Chargers,boxscore,24,17,Denver Broncos,1,22,1,19,1,23,1,16,17,16,32,21,1,27,1,22,2,27,1,27,1,23,5,13,1,15,1,27,11,8,15,7,8,23,18,9,10,13,29,15,27,13,10,30,1,14,11,18,1,21
2013,2,Division,Sun,1/12/2014,San Francisco 49ers,@,Carolina Panthers,boxscore,23,10,San Francisco 49ers,11,3,24,5,31,11,12,8,2,7,20,7,25,6,32,17,32,21,30,7,23,5,1,10,10,9,32,9,3,7,3,4,4,12,10,9,5,6,21,14,18,20,26,10,10,2,3,15,12,3
2013,3,ConfChamp,Sun,1/19/2014,Denver Broncos,,New England Patriots,boxscore,26,16,Denver Broncos,1,22,1,19,1,23,1,16,17,16,32,21,1,27,1,22,2,27,1,27,1,23,5,13,1,15,1,27,11,8,15,7,8,23,18,9,10,13,29,15,27,13,10,30,1,14,11,18,1,21
2013,3,ConfChamp,Sun,1/19/2014,Seattle Seahawks,,San Francisco 49ers,boxscore,23,17,Seattle Seahawks,8,1,17,1,29,6,9,1,5,1,20,12,20,4,30,3,31,7,26,1,10,2,3,1,5,1,28,1,2,10,4,7,14,1,12,9,4,9,32,16,32,21,14,31,5,1,6,1,11,1
2013,4,SuperBowl,Sun,2/2/2014,Seattle Seahawks,N,Denver Broncos,boxscore,43,8,Seattle Seahawks,8,1,17,1,29,6,9,1,5,1,20,12,20,4,30,3,31,7,26,1,10,2,3,1,5,1,28,1,2,10,4,7,14,1,12,9,4,9,32,16,32,21,14,31,5,1,6,1,11,1
2012,1,WildCard,Sat,1/5/2013,Green Bay Packers,,Minnesota Vikings,boxscore,24,10,Green Bay Packers,5,11,13,11,9,20,14,11,3,19,11,29,8,14,8,8,16,22,9,11,2,16,2,9,12,7,7,18,16,13,20,17,25,16,22,25,20,9,19,30,23,31,1,27,9,16,4,19,4,15
2012,1,WildCard,Sat,1/5/2013,Houston Texans,,Cincinnati Bengals,boxscore,19,13,Houston Texans,8,9,7,7,4,13,14,7,6,9,1,5,8,6,10,7,18,24,11,16,19,26,10,14,12,8,9,3,4,5,8,7,4,1,15,8,7,13,24,9,20,19,28,20,14,6,6,8,12,8
2012,1,WildCard,Sun,1/6/2013,Baltimore Ravens,,Indianapolis Colts,boxscore,24,9,Baltimore Ravens,10,12,16,17,9,28,16,11,3,14,3,10,15,21,16,13,15,16,15,17,19,2,6,19,15,15,18,15,12,29,11,20,7,23,12,8,16,23,31,24,32,24,9,27,13,19,2,16,5,7
2012,1,WildCard,Sun,1/6/2013,Seattle Seahawks,@,Washington Redskins,boxscore,24,14,Seattle Seahawks,9,1,17,4,29,2,7,7,7,6,11,7,16,8,32,11,32,19,27,6,9,2,5,9,7,4,31,13,1,2,3,10,9,5,5,25,3,7,27,20,21,22,14,14,5,5,7,6,6,6
2012,2,Division,Sat,1/12/2013,San Francisco 49ers,,Green Bay Packers,boxscore,45,31,San Francisco 49ers,11,2,11,3,30,11,3,3,3,14,11,15,14,2,27,14,31,21,23,4,16,8,2,17,7,2,21,7,7,9,4,4,7,4,3,3,4,1,26,11,28,8,28,27,6,2,3,13,9,9
2012,2,Division,Sat,1/12/2013,Baltimore Ravens,@,Denver Broncos,boxscore,38,35,Baltimore Ravens,10,12,16,17,9,28,16,11,3,14,3,10,15,21,16,13,15,16,15,17,19,2,6,19,15,15,18,15,12,29,11,20,7,23,12,8,16,23,31,24,32,24,9,27,13,19,2,16,5,7
2012,2,Division,Sun,1/13/2013,Atlanta Falcons,,Seattle Seahawks,boxscore,30,28,Atlanta Falcons,7,5,8,24,14,5,7,27,7,6,1,15,6,9,4,14,8,14,6,23,5,1,13,5,5,22,4,16,26,10,29,21,15,24,28,29,29,17,1,4,1,1,18,1,2,13,8,3,11,22
2012,2,Division,Sun,1/13/2013,New England Patriots,,Houston Texans,boxscore,41,28,New England Patriots,1,9,1,25,1,25,10,23,3,2,8,1,1,25,5,25,4,26,4,29,4,21,4,5,5,27,3,26,2,11,7,9,1,9,15,6,1,19,9,17,14,25,4,24,1,8,4,2,1,14
2012,3,ConfChamp,Sun,1/20/2013,San Francisco 49ers,@,Atlanta Falcons,boxscore,28,24,San Francisco 49ers,11,2,11,3,30,11,3,3,3,14,11,15,14,2,27,14,31,21,23,4,16,8,2,17,7,2,21,7,7,9,4,4,7,4,3,3,4,1,26,11,28,8,28,27,6,2,3,13,9,9
2012,3,ConfChamp,Sun,1/20/2013,Baltimore Ravens,@,New England Patriots,boxscore,28,13,Baltimore Ravens,10,12,16,17,9,28,16,11,3,14,3,10,15,21,16,13,15,16,15,17,19,2,6,19,15,15,18,15,12,29,11,20,7,23,12,8,16,23,31,24,32,24,9,27,13,19,2,16,5,7
2012,4,SuperBowl,Sun,2/3/2013,Baltimore Ravens,N,San Francisco 49ers,boxscore,34,31,Baltimore Ravens,10,12,16,17,9,28,16,11,3,14,3,10,15,21,16,13,15,16,15,17,19,2,6,19,15,15,18,15,12,29,11,20,7,23,12,8,16,23,31,24,32,24,9,27,13,19,2,16,5,7
2011,1,WildCard,Sat,1/7/2012,Houston Texans,,Cincinnati Bengals,boxscore,31,10,Houston Texans,10,4,13,2,6,2,12,3,6,12,22,16,13,5,26,4,30,16,18,3,20,6,3,14,8,2,17,4,1,4,2,4,4,4,7,12,3,2,14,4,17,2,32,24,10,10,6,12,11,3
2011,1,WildCard,Sat,1/7/2012,New Orleans Saints,,Detroit Lions,boxscore,45,28,New Orleans Saints,2,13,1,24,1,17,1,26,4,31,2,26,1,22,1,26,2,30,1,30,2,17,14,29,3,16,1,23,20,1,6,12,8,16,4,30,6,13,14,22,16,22,28,28,1,22,9,29,1,27
2011,1,WildCard,Sun,1/8/2012,Denver Broncos,,Pittsburgh Steelers,boxscore,29,23,Denver Broncos,25,24,23,20,14,27,24,15,26,28,32,21,20,19,32,18,32,14,31,18,20,17,9,29,29,20,31,14,1,27,1,22,19,16,6,12,4,20,16,15,13,14,19,25,27,18,22,32,23,20
2011,1,WildCard,Sun,1/8/2012,New York Giants,,Atlanta Falcons,boxscore,24,2,New York Giants,9,25,8,27,11,30,7,21,16,7,12,10,10,26,9,25,6,24,5,29,6,25,19,7,4,20,8,29,22,16,32,19,6,24,32,22,24,23,11,23,9,23,11,15,16,23,13,7,10,21
2011,2,Division,Sat,1/14/2012,New England Patriots,,Denver Broncos,boxscore,45,10,New England Patriots,3,15,2,31,2,28,3,29,3,3,2,10,2,32,3,31,3,29,2,31,4,22,6,2,2,29,2,31,17,9,20,17,4,19,23,24,8,20,6,27,11,20,13,12,3,16,3,3,2,16
2011,2,Division,Sat,1/14/2012,San Francisco 49ers,,New Orleans Saints,boxscore,36,32,San Francisco 49ers,11,2,26,4,24,7,24,7,1,1,2,1,23,2,29,18,31,23,29,16,24,8,1,2,20,10,30,19,3,2,8,1,13,1,19,1,10,1,26,13,29,15,11,12,5,1,1,2,22,5
2011,2,Division,Sun,1/15/2012,Baltimore Ravens,,Houston Texans,boxscore,20,13,Baltimore Ravens,12,3,15,3,7,13,18,2,16,14,24,10,15,4,17,5,18,15,19,4,15,1,6,18,20,3,14,4,8,13,10,2,10,10,13,1,13,6,9,19,4,32,5,12,11,3,16,12,12,1
2011,2,Division,Sun,1/15/2012,New York Giants,@,Green Bay Packers,boxscore,37,20,New York Giants,9,25,8,27,11,30,7,21,16,7,12,10,10,26,9,25,6,24,5,29,6,25,19,7,4,20,8,29,22,16,32,19,6,24,32,22,24,23,11,23,9,23,11,15,16,23,13,7,10,21
2011,3,ConfChamp,Sun,1/22/2012,New England Patriots,,Baltimore Ravens,boxscore,23,20,New England Patriots,3,15,2,31,2,28,3,29,3,3,2,10,2,32,3,31,3,29,2,31,4,22,6,2,2,29,2,31,17,9,20,17,4,19,23,24,8,20,6,27,11,20,13,12,3,16,3,3,2,16
2011,3,ConfChamp,Sun,1/22/2012,New York Giants,@,San Francisco 49ers,boxscore,20,17,New York Giants,9,25,8,27,11,30,7,21,16,7,12,10,10,26,9,25,6,24,5,29,6,25,19,7,4,20,8,29,22,16,32,19,6,24,32,22,24,23,11,23,9,23,11,15,16,23,13,7,10,21
2011,4,SuperBowl,Sun,2/5/2012,New York Giants,N,New England Patriots,boxscore,21,17,New York Giants,9,25,8,27,11,30,7,21,16,7,12,10,10,26,9,25,6,24,5,29,6,25,19,7,4,20,8,29,22,16,32,19,6,24,32,22,24,23,11,23,9,23,11,15,16,23,13,7,10,21
2010,1,WildCard,Sat,1/8/2011,New York Jets,@,Indianapolis Colts,boxscore,17,16,New York Jets,13,6,11,3,3,11,19,3,8,9,5,2,15,5,25,2,18,15,22,6,23,19,12,26,21,4,20,7,2,10,4,3,10,13,8,3,4,2,24,1,27,4,28,27,17,6,9,12,19,4
2010,1,WildCard,Sat,1/8/2011,Seattle Seahawks,,New Orleans Saints,boxscore,41,36,Seattle Seahawks,23,25,28,27,24,30,28,23,23,26,18,18,28,20,17,21,14,28,19,27,28,29,23,26,25,24,26,28,29,25,31,21,14,18,30,14,26,15,22,13,23,7,23,7,27,24,20,28,28,27
2010,1,WildCard,Sun,1/9/2011,Green Bay Packers,@,Philadelphia Eagles,boxscore,21,16,Green Bay Packers,10,2,9,5,20,6,6,9,10,6,10,26,13,4,10,6,16,13,5,5,4,4,10,2,3,3,6,5,20,6,24,18,19,3,26,29,18,5,3,20,3,13,23,20,9,2,10,6,8,2
2010,1,WildCard,Sun,1/9/2011,Baltimore Ravens,@,Kansas City Chiefs,boxscore,30,7,Baltimore Ravens,16,3,22,10,17,18,22,9,7,15,14,26,18,10,18,23,24,30,20,21,15,10,6,9,13,7,17,20,6,3,14,5,19,1,26,8,13,4,12,30,6,28,3,11,15,10,6,13,12,3
2010,2,Division,Sat,1/15/2011,Pittsburgh Steelers,,Baltimore Ravens,boxscore,31,24,Pittsburgh Steelers,12,1,14,2,21,7,9,1,4,3,10,5,20,5,21,27,27,29,14,12,21,3,4,5,5,1,17,14,8,1,11,1,8,1,17,1,10,1,20,9,24,8,32,24,8,3,6,4,22,1
2010,2,Division,Sat,1/15/2011,Green Bay Packers,@,Atlanta Falcons,boxscore,48,21,Green Bay Packers,10,2,9,5,20,6,6,9,10,6,10,26,13,4,10,6,16,13,5,5,4,4,10,2,3,3,6,5,20,6,24,18,19,3,26,29,18,5,3,20,3,13,23,20,9,2,10,6,8,2
2010,2,Division,Sun,1/16/2011,Chicago Bears,,Seattle Seahawks,boxscore,35,24,Chicago Bears,21,4,30,9,29,16,28,4,23,3,14,5,26,9,29,27,32,27,28,20,20,2,27,5,25,7,23,15,21,4,22,2,22,21,23,5,29,12,16,14,14,18,12,1,24,1,22,3,31,7
2010,2,Division,Sun,1/16/2011,New York Jets,@,New England Patriots,boxscore,28,21,New York Jets,13,6,11,3,3,11,19,3,8,9,5,2,15,5,25,2,18,15,22,6,23,19,12,26,21,4,20,7,2,10,4,3,10,13,8,3,4,2,24,1,27,4,28,27,17,6,9,12,19,4
2010,3,ConfChamp,Sun,1/23/2011,Pittsburgh Steelers,,New York Jets,boxscore,24,19,Pittsburgh Steelers,12,1,14,2,21,7,9,1,4,3,10,5,20,5,21,27,27,29,14,12,21,3,4,5,5,1,17,14,8,1,11,1,8,1,17,1,10,1,20,9,24,8,32,24,8,3,6,4,22,1
2010,3,ConfChamp,Sun,1/23/2011,Green Bay Packers,@,Chicago Bears,boxscore,21,14,Green Bay Packers,10,2,9,5,20,6,6,9,10,6,10,26,13,4,10,6,16,13,5,5,4,4,10,2,3,3,6,5,20,6,24,18,19,3,26,29,18,5,3,20,3,13,23,20,9,2,10,6,8,2
2010,4,SuperBowl,Sun,2/6/2011,Green Bay Packers,N,Pittsburgh Steelers,boxscore,31,25,Green Bay Packers,10,2,9,5,20,6,6,9,10,6,10,26,13,4,10,6,16,13,5,5,4,4,10,2,3,3,6,5,20,6,24,18,19,3,26,29,18,5,3,20,3,13,23,20,9,2,10,6,8,2
2009,1,WildCard,Sat,1/9/2010,Dallas Cowboys,,Philadelphia Eagles,boxscore,34,14,Dallas Cowboys,14,2,2,9,13,10,1,13,4,27,13,21,6,9,10,23,13,26,6,20,13,11,3,27,5,11,9,22,17,2,7,4,16,4,2,9,9,4,29,16,28,17,17,25,14,2,4,24,8,15
2009,1,WildCard,Sat,1/9/2010,New York Jets,@,Cincinnati Bengals,boxscore,24,14,New York Jets,17,1,20,1,11,4,22,1,20,8,8,4,23,1,32,1,32,7,31,1,29,1,28,13,21,1,29,1,1,11,1,8,3,12,6,4,1,12,11,9,7,6,27,14,16,1,22,10,24,1
2009,1,WildCard,Sun,1/10/2010,Arizona Cardinals,,Green Bay Packers,boxscore,51,45,Arizona Cardinals,11,14,14,20,22,24,13,17,31,10,32,27,14,10,3,26,3,31,12,23,11,15,21,7,12,11,6,24,32,8,28,17,12,17,21,26,28,8,26,23,27,23,13,10,18,8,30,16,18,18
2009,1,WildCard,Sun,1/10/2010,Baltimore Ravens,@,New England Patriots,boxscore,33,14,Baltimore Ravens,9,3,13,3,16,13,14,3,5,7,8,21,13,7,19,11,25,14,18,8,17,7,9,5,13,16,15,5,7,18,5,5,1,6,4,1,5,10,29,11,32,13,24,29,11,5,7,5,11,3
2009,2,Division,Sat,1/16/2010,Indianapolis Colts,,Baltimore Ravens,boxscore,20,3,Indianapolis Colts,7,8,9,18,23,31,5,7,10,18,1,21,5,27,1,30,2,30,2,14,2,11,24,15,4,4,1,29,31,25,32,24,12,8,30,17,32,23,2,14,2,24,6,1,7,18,14,14,3,13
2009,2,Division,Sat,1/16/2010,New Orleans Saints,,Arizona Cardinals,boxscore,45,14,New Orleans Saints,1,20,1,25,9,27,1,20,17,2,29,9,2,22,5,19,15,27,4,26,2,5,6,3,2,19,6,10,7,18,6,21,3,28,6,26,5,25,13,7,17,8,24,18,3,15,16,3,2,6
2009,2,Division,Sun,1/17/2010,Minnesota Vikings,,Dallas Cowboys,boxscore,34,3,Minnesota Vikings,2,10,5,6,3,1,10,13,3,22,19,9,3,2,6,21,11,18,8,19,2,23,1,27,7,16,5,19,9,1,13,2,7,1,21,6,15,1,24,28,13,26,15,23,2,9,2,23,5,11
2009,2,Division,Sun,1/17/2010,New York Jets,@,San Diego Chargers,boxscore,17,14,New York Jets,17,1,20,1,11,4,22,1,20,8,8,4,23,1,32,1,32,7,31,1,29,1,28,13,21,1,29,1,1,11,1,8,3,12,6,4,1,12,11,9,7,6,27,14,16,1,22,10,24,1
2009,3,ConfChamp,Sun,1/24/2010,Indianapolis Colts,,New York Jets,boxscore,30,17,Indianapolis Colts,7,8,9,18,23,31,5,7,10,18,1,21,5,27,1,30,2,30,2,14,2,11,24,15,4,4,1,29,31,25,32,24,12,8,30,17,32,23,2,14,2,24,6,1,7,18,14,14,3,13
2009,3,ConfChamp,Sun,1/24/2010,New Orleans Saints,,Minnesota Vikings,boxscore,31,28,New Orleans Saints,1,20,1,25,9,27,1,20,17,2,29,9,2,22,5,19,15,27,4,26,2,5,6,3,2,19,6,10,7,18,6,21,3,28,6,26,5,25,13,7,17,8,24,18,3,15,16,3,2,6
2009,4,SuperBowl,Sun,2/7/2010,New Orleans Saints,N,Indianapolis Colts,boxscore,31,17,New Orleans Saints,1,20,1,25,9,27,1,20,17,2,29,9,2,22,5,19,15,27,4,26,2,5,6,3,2,19,6,10,7,18,6,21,3,28,6,26,5,25,13,7,17,8,24,18,3,15,16,3,2,6
2008,1,WildCard,Sat,1/3/2009,Arizona Cardinals,,Atlanta Falcons,boxscore,30,24,Arizona Cardinals,3,28,4,19,15,16,6,16,25,6,30,1,6,22,1,20,2,16,2,22,3,32,18,18,6,24,2,19,32,19,32,16,18,13,31,12,31,24,28,25,22,27,6,23,7,25,25,7,8,22
2008,1,WildCard,Sat,1/3/2009,San Diego Chargers,,Indianapolis Colts,boxscore,23,17,San Diego Chargers,2,15,11,25,29,28,4,20,7,18,11,18,13,30,15,32,25,31,7,31,1,28,6,12,1,19,7,32,20,10,20,11,20,9,19,12,25,15,20,4,21,17,22,28,3,19,8,14,3,16
2008,1,WildCard,Sun,1/4/2009,Philadelphia Eagles,@,Minnesota Vikings,boxscore,26,14,Philadelphia Eagles,6,4,9,3,3,17,14,2,18,10,15,6,8,3,6,5,4,19,6,3,9,11,21,12,12,2,6,2,17,13,22,4,15,2,23,4,22,6,4,9,9,4,16,25,13,4,12,13,18,3
2008,1,WildCard,Sun,1/4/2009,Baltimore Ravens,@,Miami Dolphins,boxscore,27,9,Baltimore Ravens,11,3,18,2,2,3,24,3,9,1,11,22,14,1,29,2,30,21,28,2,22,7,10,1,18,2,25,4,1,1,4,3,6,1,23,5,2,1,26,32,23,25,13,11,19,1,9,2,27,1
2008,2,Division,Sat,1/10/2009,Arizona Cardinals,@,Carolina Panthers,boxscore,33,13,Arizona Cardinals,3,28,4,19,15,16,6,16,25,6,30,1,6,22,1,20,2,16,2,22,3,32,18,18,6,24,2,19,32,19,32,16,18,13,31,12,31,24,28,25,22,27,6,23,7,25,25,7,8,22
2008,2,Division,Sat,1/10/2009,Baltimore Ravens,@,Tennessee Titans,boxscore,13,10,Baltimore Ravens,11,3,18,2,2,3,24,3,9,1,11,22,14,1,29,2,30,21,28,2,22,7,10,1,18,2,25,4,1,1,4,3,6,1,23,5,2,1,26,32,23,25,13,11,19,1,9,2,27,1
2008,2,Division,Sun,1/11/2009,Pittsburgh Steelers,,San Diego Chargers,boxscore,35,24,Pittsburgh Steelers,20,1,22,1,10,11,24,1,15,10,15,18,20,2,20,14,20,23,17,1,18,2,18,6,21,1,14,3,9,5,23,2,12,2,29,1,24,3,20,20,25,26,22,11,21,2,16,10,28,2
2008,2,Division,Sun,1/11/2009,Philadelphia Eagles,@,New York Giants,boxscore,23,11,Philadelphia Eagles,6,4,9,3,3,17,14,2,18,10,15,6,8,3,6,5,4,19,6,3,9,11,21,12,12,2,6,2,17,13,22,4,15,2,23,4,22,6,4,9,9,4,16,25,13,4,12,13,18,3
2008,3,ConfChamp,Sun,1/18/2009,Pittsburgh Steelers,,Baltimore Ravens,boxscore,23,14,Pittsburgh Steelers,20,1,22,1,10,11,24,1,15,10,15,18,20,2,20,14,20,23,17,1,18,2,18,6,21,1,14,3,9,5,23,2,12,2,29,1,24,3,20,20,25,26,22,11,21,2,16,10,28,2
2008,3,ConfChamp,Sun,1/18/2009,Arizona Cardinals,,Philadelphia Eagles,boxscore,32,25,Arizona Cardinals,3,28,4,19,15,16,6,16,25,6,30,1,6,22,1,20,2,16,2,22,3,32,18,18,6,24,2,19,32,19,32,16,18,13,31,12,31,24,28,25,22,27,6,23,7,25,25,7,8,22
2008,4,SuperBowl,Sun,2/1/2009,Pittsburgh Steelers,N,Arizona Cardinals,boxscore,27,23,Pittsburgh Steelers,20,1,22,1,10,11,24,1,15,10,15,18,20,2,20,14,20,23,17,1,18,2,18,6,21,1,14,3,9,5,23,2,12,2,29,1,24,3,20,20,25,26,22,11,21,2,16,10,28,2
2007,1,WildCard,Sat,1/5/2008,Jacksonville Jaguars,@,Pittsburgh Steelers,boxscore,31,29,Jacksonville Jaguars,6,10,7,12,11,6,6,18,4,12,20,21,4,9,24,14,27,20,17,15,9,12,1,4,7,11,16,16,2,6,2,11,4,18,4,18,2,15,5,7,5,8,16,3,4,10,3,6,4,17
2007,1,WildCard,Sat,1/5/2008,Seattle Seahawks,,Washington Redskins,boxscore,35,14,Seattle Seahawks,9,6,9,15,3,25,16,10,9,6,13,11,5,6,5,17,2,25,8,19,6,1,5,4,14,8,6,17,17,14,20,12,23,27,24,11,19,5,1,25,1,22,20,11,12,5,5,11,13,1
2007,1,WildCard,Sun,1/6/2008,New York Giants,@,Tampa Bay Buccaneers,boxscore,24,14,New York Giants,14,17,16,7,7,13,19,10,24,23,24,21,8,11,23,10,17,9,21,11,14,20,25,21,23,10,23,19,8,10,4,8,8,18,4,6,4,9,6,31,12,28,1,15,16,11,27,24,19,16
2007,1,WildCard,Sun,1/6/2008,San Diego Chargers,,Tennessee Titans,boxscore,17,6,San Diego Chargers,5,5,20,14,24,20,19,14,9,1,6,2,25,15,28,20,26,23,26,14,15,12,15,1,16,8,27,19,7,12,7,16,2,14,8,18,12,11,18,12,21,10,24,21,11,1,10,1,14,3
2007,2,Division,Sat,1/12/2008,Green Bay Packers,,Seattle Seahawks,boxscore,42,20,Green Bay Packers,4,6,2,11,23,15,2,10,9,17,9,25,12,15,3,8,6,13,2,12,6,18,12,7,3,11,7,14,28,15,21,14,14,1,12,11,29,4,29,31,31,32,3,32,5,9,8,19,7,9
2007,2,Division,Sat,1/12/2008,New England Patriots,,Jacksonville Jaguars,boxscore,31,20,New England Patriots,1,4,1,4,2,1,1,6,1,9,3,14,1,6,2,12,5,12,1,6,1,18,3,7,1,4,1,10,9,1,13,10,5,4,12,27,3,14,7,24,16,25,7,7,1,2,1,7,1,18
2007,2,Division,Sun,1/13/2008,New York Giants,@,Dallas Cowboys,boxscore,21,17,New York Giants,14,17,16,7,7,13,19,10,24,23,24,21,8,11,23,10,17,9,21,11,14,20,25,21,23,10,23,19,8,10,4,8,8,18,4,6,4,9,6,31,12,28,1,15,16,11,27,24,19,16
2007,2,Division,Sun,1/13/2008,San Diego Chargers,@,Indianapolis Colts,boxscore,28,24,San Diego Chargers,5,5,20,14,24,20,19,14,9,1,6,2,25,15,28,20,26,23,26,14,15,12,15,1,16,8,27,19,7,12,7,16,2,14,8,18,12,11,18,12,21,10,24,21,11,1,10,1,14,3
2007,3,ConfChamp,Sun,1/20/2008,New England Patriots,,San Diego Chargers,boxscore,21,12,New England Patriots,1,4,1,4,2,1,1,6,1,9,3,14,1,6,2,12,5,12,1,6,1,18,3,7,1,4,1,10,9,1,13,10,5,4,12,27,3,14,7,24,16,25,7,7,1,2,1,7,1,18
2007,3,ConfChamp,Sun,1/20/2008,New York Giants,@,Green Bay Packers,boxscore,23,20,New York Giants,14,17,16,7,7,13,19,10,24,23,24,21,8,11,23,10,17,9,21,11,14,20,25,21,23,10,23,19,8,10,4,8,8,18,4,6,4,9,6,31,12,28,1,15,16,11,27,24,19,16
2007,4,SuperBowl,Sun,2/3/2008,New York Giants,N,New England Patriots,boxscore,17,14,New York Giants,14,17,16,7,7,13,19,10,24,23,24,21,8,11,23,10,17,9,21,11,14,20,25,21,23,10,23,19,8,10,4,8,8,18,4,6,4,9,6,31,12,28,1,15,16,11,27,24,19,16
2006,1,WildCard,Sat,1/6/2007,Indianapolis Colts,,Kansas City Chiefs,boxscore,23,8,Indianapolis Colts,2,23,3,21,14,4,2,27,4,22,12,19,1,28,4,2,6,2,2,2,1,5,3,20,1,13,1,5,18,31,18,32,6,30,16,32,7,32,7,7,11,4,17,18,1,30,4,6,1,24
2006,1,WildCard,Sat,1/6/2007,Seattle Seahawks,,Dallas Cowboys,boxscore,21,20,Seattle Seahawks,14,19,19,19,5,12,26,23,27,22,17,8,9,11,21,13,18,10,20,16,5,24,28,26,25,16,16,9,10,10,14,22,27,12,16,27,7,15,16,31,9,31,2,3,21,12,28,27,28,14
2006,1,WildCard,Sun,1/7/2007,New England Patriots,,New York Jets,boxscore,37,16,New England Patriots,7,2,11,6,4,3,16,10,16,4,26,11,4,5,11,11,12,19,12,12,7,1,6,4,13,11,12,10,6,4,12,5,4,9,20,8,5,3,20,26,30,30,6,30,9,4,17,3,8,9
2006,1,WildCard,Sun,1/7/2007,Philadelphia Eagles,,New York Giants,boxscore,23,20,Philadelphia Eagles,6,15,2,15,22,30,1,10,9,13,26,22,9,25,13,17,8,23,3,9,1,7,3,8,3,4,8,7,27,25,11,26,15,12,5,24,11,31,27,18,32,18,29,32,10,13,7,11,3,7
2006,2,Division,Sat,1/13/2007,New Orleans Saints,,Philadelphia Eagles,boxscore,27,24,New Orleans Saints,5,13,1,11,2,1,3,19,7,31,12,28,4,4,1,4,5,4,1,3,4,30,9,29,1,10,4,3,12,7,19,23,5,7,26,30,18,11,6,10,4,5,15,5,5,5,9,31,14,20
2006,2,Division,Sat,1/13/2007,Indianapolis Colts,@,Baltimore Ravens,boxscore,15,6,Indianapolis Colts,2,23,3,21,14,4,2,27,4,22,12,19,1,28,4,2,6,2,2,2,1,5,3,20,1,13,1,5,18,31,18,32,6,30,16,32,7,32,7,7,11,4,17,18,1,30,4,6,1,24
2006,2,Division,Sun,1/14/2007,Chicago Bears,,Seattle Seahawks,boxscore,27,24,Chicago Bears,2,3,15,5,6,24,21,3,28,1,22,1,14,2,23,25,17,31,14,11,9,10,28,2,13,1,18,8,5,5,15,6,12,2,23,12,15,6,27,32,25,32,1,13,8,2,25,2,18,2
2006,2,Division,Sun,1/14/2007,New England Patriots,@,San Diego Chargers,boxscore,24,21,New England Patriots,7,2,11,6,4,3,16,10,16,4,26,11,4,5,11,11,12,19,12,12,7,1,6,4,13,11,12,10,6,4,12,5,4,9,20,8,5,3,20,26,30,30,6,30,9,4,17,3,8,9
2006,3,ConfChamp,Sun,1/21/2007,Chicago Bears,,New Orleans Saints,boxscore,39,14,Chicago Bears,2,3,15,5,6,24,21,3,28,1,22,1,14,2,23,25,17,31,14,11,9,10,28,2,13,1,18,8,5,5,15,6,12,2,23,12,15,6,27,32,25,32,1,13,8,2,25,2,18,2
2006,3,ConfChamp,Sun,1/21/2007,Indianapolis Colts,,New England Patriots,boxscore,38,34,Indianapolis Colts,2,23,3,21,14,4,2,27,4,22,12,19,1,28,4,2,6,2,2,2,1,5,3,20,1,13,1,5,18,31,18,32,6,30,16,32,7,32,7,7,11,4,17,18,1,30,4,6,1,24
2006,4,SuperBowl,Sun,2/4/2007,Indianapolis Colts,N,Chicago Bears,boxscore,29,17,Indianapolis Colts,2,23,3,21,14,4,2,27,4,22,12,19,1,28,4,2,6,2,2,2,1,5,3,20,1,13,1,5,18,31,18,32,6,30,16,32,7,32,7,7,11,4,17,18,1,30,4,6,1,24
2005,1,WildCard,Sat,1/7/2006,New England Patriots,,Jacksonville Jaguars,boxscore,28,3,New England Patriots,10,17,7,26,8,14,6,25,10,31,7,30,6,22,6,11,7,20,2,31,3,28,15,27,4,30,5,21,18,15,24,8,11,12,30,5,11,18,14,28,18,31,15,25,10,22,14,31,9,23
2005,1,WildCard,Sat,1/7/2006,Washington Redskins,@,Tampa Bay Buccaneers,boxscore,17,10,Washington Redskins,13,9,11,9,7,11,13,10,16,16,29,15,15,3,24,8,22,23,21,10,6,3,5,16,13,5,18,8,4,7,7,13,12,21,10,20,8,2,12,8,19,12,29,10,16,5,14,16,14,8
2005,1,WildCard,Sun,1/8/2006,Carolina Panthers,@,New York Giants,boxscore,23,0,Carolina Panthers,8,5,22,3,23,11,13,3,14,2,10,2,23,5,26,17,28,21,17,9,6,3,19,4,5,3,23,10,10,6,19,4,9,5,30,5,22,1,1,25,2,28,3,18,9,4,11,2,12,3
2005,1,WildCard,Sun,1/8/2006,Pittsburgh Steelers,@,Cincinnati Bengals,boxscore,31,17,Pittsburgh Steelers,9,3,15,4,24,15,9,3,7,12,7,6,17,9,30,21,32,24,24,16,14,3,11,20,2,3,28,21,1,5,5,3,5,8,13,1,5,3,7,20,12,27,9,6,7,8,5,13,6,2
2005,2,Division,Sat,1/14/2006,Denver Broncos,,New England Patriots,boxscore,27,13,Denver Broncos,7,3,5,15,9,13,4,19,1,4,7,4,7,17,23,31,25,32,18,29,21,18,2,6,8,11,20,24,2,1,2,2,3,8,3,17,1,8,4,31,4,23,25,18,8,3,1,3,5,9
2005,2,Division,Sat,1/14/2006,Seattle Seahawks,,Washington Redskins,boxscore,20,10,Seattle Seahawks,1,7,2,16,17,28,2,10,2,19,2,19,2,17,15,28,23,29,13,25,6,11,3,16,5,11,7,31,7,10,3,5,1,2,3,5,2,5,2,22,9,14,17,7,4,16,1,20,2,7
2005,2,Division,Sun,1/15/2006,Carolina Panthers,@,Chicago Bears,boxscore,29,21,Carolina Panthers,8,5,22,3,23,11,13,3,14,2,10,2,23,5,26,17,28,21,17,9,6,3,19,4,5,3,23,10,10,6,19,4,9,5,30,5,22,1,1,25,2,28,3,18,9,4,11,2,12,3
2005,2,Division,Sun,1/15/2006,Pittsburgh Steelers,@,Indianapolis Colts,boxscore,21,18,Pittsburgh Steelers,9,3,15,4,24,15,9,3,7,12,7,6,17,9,30,21,32,24,24,16,14,3,11,20,2,3,28,21,1,5,5,3,5,8,13,1,5,3,7,20,12,27,9,6,7,8,5,13,6,2
2005,3,ConfChamp,Sun,1/22/2006,Seattle Seahawks,,Carolina Panthers,boxscore,34,14,Seattle Seahawks,1,7,2,16,17,28,2,10,2,19,2,19,2,17,15,28,23,29,13,25,6,11,3,16,5,11,7,31,7,10,3,5,1,2,3,5,2,5,2,22,9,14,17,7,4,16,1,20,2,7
2005,3,ConfChamp,Sun,1/22/2006,Pittsburgh Steelers,@,Denver Broncos,boxscore,34,17,Pittsburgh Steelers,9,3,15,4,24,15,9,3,7,12,7,6,17,9,30,21,32,24,24,16,14,3,11,20,2,3,28,21,1,5,5,3,5,8,13,1,5,3,7,20,12,27,9,6,7,8,5,13,6,2
2005,4,SuperBowl,Sun,2/5/2006,Pittsburgh Steelers,N,Seattle Seahawks,boxscore,21,10,Pittsburgh Steelers,9,3,15,4,24,15,9,3,7,12,7,6,17,9,30,21,32,24,24,16,14,3,11,20,2,3,28,21,1,5,5,3,5,8,13,1,5,3,7,20,12,27,9,6,7,8,5,13,6,2
2004,1,WildCard,Sat,1/8/2005,New York Jets,@,San Diego Chargers,boxscore,20,17,New York Jets,17,4,12,7,16,6,10,10,1,9,1,7,10,8,25,10,30,10,22,14,21,15,4,10,11,18,20,14,3,11,3,5,10,6,5,3,2,8,2,1,2,1,32,13,10,5,1,8,8,8
2004,1,WildCard,Sat,1/8/2005,St. Louis Rams,@,Seattle Seahawks,boxscore,27,20,St. Louis Rams,19,25,6,17,12,18,7,19,29,31,28,26,8,22,3,11,5,9,5,11,14,20,29,32,9,14,5,16,30,23,25,29,17,18,12,24,16,28,30,13,26,6,26,5,16,29,32,31,12,27
2004,1,WildCard,Sun,1/9/2005,Indianapolis Colts,,Denver Broncos,boxscore,49,24,Indianapolis Colts,1,19,2,29,25,27,1,27,2,4,2,2,2,29,6,31,15,30,1,28,1,22,2,10,1,23,1,30,20,15,15,24,22,14,12,28,17,20,10,19,3,12,1,2,1,24,3,4,1,23
2004,1,WildCard,Sun,1/9/2005,Minnesota Vikings,@,Green Bay Packers,boxscore,31,17,Minnesota Vikings,6,26,4,28,22,22,2,29,5,25,6,20,4,31,2,28,8,27,2,29,2,27,7,28,2,28,4,32,28,13,18,21,29,21,2,28,14,24,21,15,13,24,15,3,5,32,9,20,3,32
2004,2,Division,Sat,1/15/2005,Atlanta Falcons,,St. Louis Rams,boxscore,47,17,Atlanta Falcons,16,14,20,14,24,16,16,15,22,11,25,10,19,20,32,24,31,19,30,22,28,11,15,10,24,18,32,23,5,12,1,8,3,29,1,10,4,21,13,31,15,18,9,3,19,16,23,10,16,14
2004,2,Division,Sat,1/15/2005,Pittsburgh Steelers,,New York Jets,boxscore,20,17,Pittsburgh Steelers,11,1,16,1,11,1,20,3,5,11,4,10,11,2,31,4,32,5,28,4,19,1,9,10,8,3,26,5,1,2,2,1,6,6,20,3,3,3,5,7,6,11,15,11,9,7,7,7,13,6
2004,2,Division,Sun,1/16/2005,New England Patriots,,Indianapolis Colts,boxscore,20,3,New England Patriots,4,2,7,9,6,13,10,10,15,4,23,3,6,10,20,21,22,26,11,17,6,8,11,7,7,9,7,17,5,5,7,6,10,9,17,10,7,6,6,22,5,29,9,21,2,2,19,1,4,3
2004,2,Division,Sun,1/16/2005,Philadelphia Eagles,,Minnesota Vikings,boxscore,27,14,Philadelphia Eagles,8,2,9,10,27,26,5,7,7,18,16,20,14,13,8,27,9,29,7,12,4,3,4,15,9,3,10,11,31,16,24,16,22,18,9,19,23,17,28,24,22,27,17,26,8,4,5,21,7,12
2004,3,ConfChamp,Sun,1/23/2005,New England Patriots,@,Pittsburgh Steelers,boxscore,41,27,New England Patriots,4,2,7,9,6,13,10,10,15,4,23,3,6,10,20,21,22,26,11,17,6,8,11,7,7,9,7,17,5,5,7,6,10,9,17,10,7,6,6,22,5,29,9,21,2,2,19,1,4,3
2004,3,ConfChamp,Sun,1/23/2005,Philadelphia Eagles,,Atlanta Falcons,boxscore,27,10,Philadelphia Eagles,8,2,9,10,27,26,5,7,7,18,16,20,14,13,8,27,9,29,7,12,4,3,4,15,9,3,10,11,31,16,24,16,22,18,9,19,23,17,28,24,22,27,17,26,8,4,5,21,7,12
2004,4,SuperBowl,Sun,2/6/2005,New England Patriots,N,Philadelphia Eagles,boxscore,24,21,New England Patriots,4,2,7,9,6,13,10,10,15,4,23,3,6,10,20,21,22,26,11,17,6,8,11,7,7,9,7,17,5,5,7,6,10,9,17,10,7,6,6,22,5,29,9,21,2,2,19,1,4,3
2003,1,WildCard,Sat,1/3/2004,Carolina Panthers,,Dallas Cowboys,boxscore,29,10,Carolina Panthers,15,10,16,8,17,14,16,6,22,18,26,24,19,8,28,16,28,20,18,9,17,14,13,12,8,6,25,11,3,9,7,11,24,7,17,13,11,6,24,23,23,28,18,27,15,6,21,20,16,4
2003,1,WildCard,Sat,1/3/2004,Tennessee Titans,@,Baltimore Ravens,boxscore,20,17,Tennessee Titans,5,13,8,12,15,3,7,23,4,8,19,9,10,9,11,29,22,27,5,30,3,17,2,8,1,24,2,16,9,1,26,1,21,7,31,7,28,4,21,10,17,12,31,25,3,15,2,9,9,9
2003,1,WildCard,Sun,1/4/2004,Indianapolis Colts,,Denver Broncos,boxscore,41,10,Indianapolis Colts,2,20,3,11,7,2,4,20,2,12,11,4,1,11,1,5,5,1,1,5,4,10,3,16,2,18,1,2,13,10,19,20,10,28,26,23,13,23,7,28,2,26,3,12,1,16,3,12,3,18
2003,1,WildCard,Sun,1/4/2004,Green Bay Packers,,Seattle Seahawks,boxscore,33,27,Green Bay Packers,4,11,4,17,20,23,3,10,25,10,15,20,7,14,15,25,27,31,16,23,1,10,27,8,5,10,15,20,5,6,3,10,5,7,2,16,2,10,3,12,5,9,24,16,5,14,22,10,5,6
2003,2,Division,Sat,1/10/2004,New England Patriots,,Tennessee Titans,boxscore,17,14,New England Patriots,12,1,17,7,6,29,21,4,8,2,15,15,16,17,8,27,6,32,9,15,11,1,6,1,13,1,11,23,12,4,27,4,24,7,30,6,23,10,22,19,25,16,14,16,18,1,6,2,15,2
2003,2,Division,Sat,1/10/2004,Carolina Panthers,@,St. Louis Rams,boxscore,29,23,Carolina Panthers,15,10,16,8,17,14,16,6,22,18,26,24,19,8,28,16,28,20,18,9,17,14,13,12,8,6,25,11,3,9,7,11,24,7,17,13,11,6,24,23,23,28,18,27,15,6,21,20,16,4
2003,2,Division,Sun,1/11/2004,Philadelphia Eagles,,Green Bay Packers,boxscore,20,17,Philadelphia Eagles,11,7,18,20,29,28,10,15,5,18,15,9,13,21,25,31,25,28,20,16,22,7,4,26,20,9,18,18,25,21,9,22,2,18,4,23,12,22,9,29,12,32,1,4,10,9,3,17,8,12
2003,2,Division,Sun,1/11/2004,Indianapolis Colts,@,Kansas City Chiefs,boxscore,38,31,Indianapolis Colts,2,20,3,11,7,2,4,20,2,12,11,4,1,11,1,5,5,1,1,5,4,10,3,16,2,18,1,2,13,10,19,20,10,28,26,23,13,23,7,28,2,26,3,12,1,16,3,12,3,18
2003,3,ConfChamp,Sun,1/18/2004,New England Patriots,,Indianapolis Colts,boxscore,24,14,New England Patriots,12,1,17,7,6,29,21,4,8,2,15,15,16,17,8,27,6,32,9,15,11,1,6,1,13,1,11,23,12,4,27,4,24,7,30,6,23,10,22,19,25,16,14,16,18,1,6,2,15,2
2003,3,ConfChamp,Sun,1/18/2004,Carolina Panthers,@,Philadelphia Eagles,boxscore,14,3,Carolina Panthers,15,10,16,8,17,14,16,6,22,18,26,24,19,8,28,16,28,20,18,9,17,14,13,12,8,6,25,11,3,9,7,11,24,7,17,13,11,6,24,23,23,28,18,27,15,6,21,20,16,4
2003,4,SuperBowl,Sun,2/1/2004,New England Patriots,N,Carolina Panthers,boxscore,32,29,New England Patriots,12,1,17,7,6,29,21,4,8,2,15,15,16,17,8,27,6,32,9,15,11,1,6,1,13,1,11,23,12,4,27,4,24,7,30,6,23,10,22,19,25,16,14,16,18,1,6,2,15,2
